,precision,recall,f1-score,support
0,0.8470873786407767,0.9184210526315789,0.8813131313131313,380.0
1,0.9804878048780488,0.9648,0.9725806451612903,625.0
2,0.9194915254237288,0.8611111111111112,0.889344262295082,252.0
3,0.9803921568627451,0.975609756097561,0.9779951100244498,1230.0
4,0.75,0.7090909090909091,0.7289719626168224,55.0
5,0.9988198269079465,1.0,0.9994095650462508,2539.0
accuracy,0.973627238732533,0.973627238732533,0.973627238732533,0.973627238732533
macro avg,0.9127131154522078,0.9048388048218601,0.9082691127428378,5081.0
weighted avg,0.9741282896672915,0.973627238732533,0.9737069427572498,5081.0
