,precision,recall,f1-score,support
0,0.9260273972602739,0.8894736842105263,0.9073825503355705,380.0
1,0.960691823899371,0.9776,0.9690721649484536,625.0
2,0.9594594594594594,0.8452380952380952,0.8987341772151899,252.0
3,0.9649402390438248,0.9845528455284552,0.9746478873239437,1230.0
4,0.703125,0.8181818181818182,0.7563025210084033,55.0
5,0.9988184324537219,0.9988184324537219,0.9988184324537219,2539.0
accuracy,0.9750049202912813,0.9750049202912813,0.9750049202912813,0.9750049202912813
macro avg,0.9188437253527751,0.9189774792687695,0.9174929555475472,5081.0
weighted avg,0.9753306344624482,0.9750049202912813,0.9748809338599571,5081.0
